CIVIL LABORATORY MACHINES / EQUIPMENT / INSTRUMENTS MASTERPLAN 2024,,,,,,,,,,,,,,,,,,,,,,,,,,,,,,,,,,,,,,,,,,,jan,,,,,,,,,,,
,,,,,,,,,,,,,,,,,,,,,,,,,,,,,,,,,,,,,,,,,,,,,,,,,,,,,,
PARTICULARS,,,,,,,INVENTORY ,,,,,,,,,,,,PREVENTIVE MAINTENANCE,,,,,,,,,,,,CORRECTIVE MAINTENANCE,,,,,,,,,,,,CALLIBRATION,,,,,,,,,,,
Name of Machine / Equipment / Instrument,,Quantity,Date Aquired ,Serial No. ,Manual Code (0/1),Callibration Code (0/1),JAN,FEB,MAR,APR,MAY,JUN,JUL,AUG,SEP,OCT,NOV,DEC,JAN,FEB,MAR,APR,MAY,JUN,JUL,AUG,SEP,OCT,NOV,DEC,JAN,FEB,MAR,APR,MAY,JUN,JUL,AUG,SEP,OCT,NOV,DEC,JAN,FEB,MAR,APR,MAY,JUN,JUL,AUG,SEP,OCT,NOV,DEC
,,,,,,,,,,,,,,,,,,,,,,,,,,,,,,,,,,,,,,,,,,,,,,,,,,,,,,
,A) Frequently Used,,,,,,,,,,,,,,,,,,,,,,,,,,,,,,,,,,,,,,,,,,,,,,,,,,,,,
,"Electronic Balance, 2 kg cap, 0.1 g accuracy ELE",1,8/19/2015,140812015,,1,x,,,x,,,x,,,x,,x,x,,,,,,,,,,,,,,,,,,,,,,,,,x,,,,,,,,,,
,Electronic Balance  2 kg. cap. 1.0 g acc. ELE,1,8/19/2015,141007001, ,1,x,,,x,,,x,,,x,,x,x,,,,,,,,,,,,,,,,,,,,,,,,,x,,,,,,,,,,
,Electronic Balance  2 kg. cap. 1.0 g acc. ELE,1,,14923018,,1,x,,,x,,,x,,,x,,x,x,,,,,,,,,,,,,,,,,,,,,,,,,x,,,,,,,,,,
,Electronic Top Loading Balance 1200g at 0.01g,1,,141007003,,1,x,,,x,,,x,,,x,,x,x,,,,,,,,,,,,,,,,,,,,,,,,,x,,,,,,,,,,
,"Electronic Digital Caliper (Water proof) Brand: Lutron,  Model # DC515",1,8/19/2015,15-1 06 05 140-029 ,,1,x,,,x,,,x,,,x,,x,x,,,,,,,,,,,,,,,,,,,,,,,,,,x,,,,,,,,,
,"Electronic Digital Caliper (Water proof) Brand: Lutron,  Model # DC515",1,8/19/2015,15-1 06 05 140-029-1,,1,x,,,x,,,x,,,x,,x,x,,,,,,,,,,,,,,,,,,,,,,,,,,x,,,,,,,,,
,"Electronic Digital Caliper (Water proof) Brand: Lutron,  Model # DC515",1,8/19/2015,15-1 06 05 140-029-2,,1,x,,,x,,,x,,,x,,x,x,,,,,,,,,,,,,,,,,,,,,,,,,,x,,,,,,,,,
,"Oven, thermostat Controlled;  Model: MTO/50/F",1,8/19/2015,14L084,,1,x,,,x,,,x,,,x,,x,,,x,,,,,,,,,,,,,,,,,,,,,,,,,,x,,,,,,,
,"Set of Sieves, Brand: ELE  3 SETS",,8/19/2015,,,,,,,,,,,,,,,,,,,,,,,,,,,,,,,,,,,,,,,,,,,,,,,,,,,
,150 micron       8inches        Stainless Steel,1,,14100371,0,0,x,,,x,,,x,,,x,,x,,,,x,,,,,,,,,,,,,,,,,,,,,,,,,,,,,,,,
,,1,,14101040,0,0,x,,,x,,,x,,,x,,x,,,,x,,,,,,,,,,,,,,,,,,,,,,,,,,,,,,,,
,,1,,14101041,0,0,x,,,x,,,x,,,x,,x,,,,x,,,,,,,,,,,,,,,,,,,,,,,,,,,,,,,,
,300 micron       8 inches       Stainless Steel,1,,14100377,0,0,x,,,x,,,x,,,x,,x,,,,x,,,,,,,,,,,,,,,,,,,,,,,,,,,,,,,,
,,1,,14100376,0,0,x,,,x,,,x,,,x,,x,,,,x,,,,,,,,,,,,,,,,,,,,,,,,,,,,,,,,
,,1,,14100375,0,0,x,,,x,,,x,,,x,,x,,,,x,,,,,,,,,,,,,,,,,,,,,,,,,,,,,,,,
,500 micron       8 inches       Stainless Steel,1,,14101030,0,0,x,,,x,,,x,,,x,,x,,,,x,,,,,,,,,,,,,,,,,,,,,,,,,,,,,,,,
,,1,,14101031,0,0,x,,,x,,,x,,,x,,x,,,,x,,,,,,,,,,,,,,,,,,,,,,,,,,,,,,,,
,,1,,14101032,0,0,x,,,x,,,x,,,x,,x,,,,x,,,,,,,,,,,,,,,,,,,,,,,,,,,,,,,,
,1.0mm              8 inches       Stainless Steel,1,,14101067     ,0,0,x,,,x,,,x,,,x,,x,,,,x,,,,,,,,,,,,,,,,,,,,,,,,,,,,,,,,
,,1,,14091722,0,0,x,,,x,,,x,,,x,,x,,,,x,,,,,,,,,,,,,,,,,,,,,,,,,,,,,,,,
,,1,,14091723,0,0,x,,,x,,,x,,,x,,x,,,,x,,,,,,,,,,,,,,,,,,,,,,,,,,,,,,,,
,2.0mm              8 inches       Stainless Steel,1,,14100365,0,0,x,,,x,,,x,,,x,,x,,,,x,,,,,,,,,,,,,,,,,,,,,,,,,,,,,,,,
,,1,,14100363,0,0,x,,,x,,,x,,,x,,x,,,,x,,,,,,,,,,,,,,,,,,,,,,,,,,,,,,,,
,,1,,14101033,0,0,x,,,x,,,x,,,x,,x,,,,x,,,,,,,,,,,,,,,,,,,,,,,,,,,,,,,,
,4.0mm              8 inches       Stainless Steel,1,,14100368,0,0,x,,,x,,,x,,,x,,x,,,,x,,,,,,,,,,,,,,,,,,,,,,,,,,,,,,,,
,,1,,14100367       ,0,0,x,,,x,,,x,,,x,,x,,,,x,,,,,,,,,,,,,,,,,,,,,,,,,,,,,,,,
,,1,,14100366,0,0,x,,,x,,,x,,,x,,x,,,,x,,,,,,,,,,,,,,,,,,,,,,,,,,,,,,,,
,8inches Diameter Lid,3,,,0,0,x,,,x,,,x,,,x,,x,,,,x,,,,,,,,,,,,,,,,,,,,,,,,,,,,,,,,
,8 inches Diameter Receiver,3,,,0,0,x,,,x,,,x,,,x,,x,,,,x,,,,,,,,,,,,,,,,,,,,,,,,,,,,,,,,
,SEIVES (USA),,32,,,,,,,,,,,,,,,,,,,,,,,,,,,,,,,,,,,,,,,,,,,,,,,,,,,
,"        #4 (4.75mm) (0.187"")",1,,,0,0,x,,,x,,,x,,,x,,x,,,,x,,,,,,,,,,,,,,,,,,,,,,,,,,,,,,,,
,"        #8 (2.36mm) (0.0937"")",1,,,0,0,x,,,x,,,x,,,x,,x,,,,x,,,,,,,,,,,,,,,,,,,,,,,,,,,,,,,,
,"       #16 (1.18mm) (0.0469"")",1,,,0,0,x,,,x,,,x,,,x,,x,,,,x,,,,,,,,,,,,,,,,,,,,,,,,,,,,,,,,
,"       #30 (600mic) (0.0234"")",1,,,0,0,x,,,x,,,x,,,x,,x,,,,x,,,,,,,,,,,,,,,,,,,,,,,,,,,,,,,,
,"        #40 (425 mic) (0.0165"")",1,,,0,0,x,,,x,,,x,,,x,,x,,,,x,,,,,,,,,,,,,,,,,,,,,,,,,,,,,,,,
,"        #50 (300mic) (0.0117"")",1,,,0,0,x,,,x,,,x,,,x,,x,,,,x,,,,,,,,,,,,,,,,,,,,,,,,,,,,,,,,
,"        #60 (250mic) (0.0098"")",1,,,0,0,x,,,x,,,x,,,x,,x,,,,x,,,,,,,,,,,,,,,,,,,,,,,,,,,,,,,,
,"        #100 (150mic) (0.059"")",1,,serial#1,0,0,x,,,x,,,x,,,x,,x,,,,x,,,,,,,,,,,,,,,,,,,,,,,,,,,,,,,,
,"        #100 (150mic) (0.059"")",1,,serial#2,,0,x,,,x,,,x,,,x,,x,,,,x,,,,,,,,,,,,,,,,,,,,,,,,,,,,,,,,
,"         #200 (75mic) (0.0029"")",1,,serial#1,0,0,x,,,x,,,x,,,x,,x,,,,x,,,,,,,,,,,,,,,,,,,,,,,,,,,,,,,,
,"         #200 (75mic) (0.0029"")",1,,serial#2,0,0,x,,,x,,,x,,,x,,x,,,,x,,,,,,,,,,,,,,,,,,,,,,,,,,,,,,,,
,"        3 INCH (75mm) (3.0"")",1,,,0,0,x,,,x,,,x,,,x,,x,,,,x,,,,,,,,,,,,,,,,,,,,,,,,,,,,,,,,
,"       1 1/2 INCH (37.5mm) (1.5"")",1,,,0,0,x,,,x,,,x,,,x,,x,,,,x,,,,,,,,,,,,,,,,,,,,,,,,,,,,,,,,
,"       1 INCH (25mm) (1.0"")",1,,,0,0,x,,,x,,,x,,,x,,x,,,,x,,,,,,,,,,,,,,,,,,,,,,,,,,,,,,,,
,"       3/4 INCH (19.0 mm) (0.750"")",1,,,0,0,x,,,x,,,x,,,x,,x,,,,x,,,,,,,,,,,,,,,,,,,,,,,,,,,,,,,,
,"        1/2 INCH (12.5mm) (0.500"")",1,,,0,0,x,,,x,,,x,,,x,,x,,,,x,,,,,,,,,,,,,,,,,,,,,,,,,,,,,,,,
,"         3/8 INCH (9.5mm) (0.375"")",1,,,0,0,x,,,x,,,x,,,x,,x,,,,x,,,,,,,,,,,,,,,,,,,,,,,,,,,,,,,,
,,,,,,,,,,,,,,,,,,,,,,,,,,,,,,,,,,,,,,,,,,,,,,,,,,,,,,
,"sieve #200 jetmaterial  (new)   received march 22, 2023",1,,22071460,0,,,,,x,,,x,,,x,,x,,,,x,,,,,,,,,,,,,,,,,,,,,,,,,,,,,,,,
,"sieve #200 jetmaterial  (new)   received march 22, 2023",1,,22071443,0,,,,,x,,,x,,,x,,x,,,,x,,,,,,,,,,,,,,,,,,,,,,,,,,,,,,,,
,,,,,,,,,,,,,,,,,,,,,,,,,,,,,,,,,,,,,,,,,,,,,,,,,,,,,,
,THEODOLITE ,1 set,8/19/2015,A67500,,1,x,,,x,,,x,,,x,,x,,,x,,,,,,,,,,,,,,,,,,,,,,,,,,x,,,,,,,
,,1 set,,A67501,,1,x,,,x,,,x,,,x,,x,,,x,,,,,,,,,,,,,,,,,,,,,,,,,,x,,,,,,,
,,1 set,,A67502,,1,x,,,x,,,x,,,x,,x,,,x,,,,,,,,,,,,,,,,,,,,,,,,,,x,,,,,,,
,,1 set,,A67505,,1,x,,,x,,,x,,,x,,x,,,x,,,,,,,,,,,,,,,,,,,,,,,,,,x,,,,,,,
,THEODOLITE (DIGITAL) KOLIDA,1 SET,8/22/2019,"T306755,",0,1,x,,,x,,,x,,,x,,x,,,x,,,,,,,,,,,,,,,,,,,,,,,,,,x,,,,,,,
,,1 SET,8/22/2019,"T2B7114,",0,1,x,,,x,,,x,,,x,,x,,,x,,,,,,,,,,,,,,,,,,,,,,,,,,x,,,,,,,
,,1 SET,8/22/2019,"T307531, ",0,1,x,,,x,,,x,,,x,,x,,,x,,,,,,,,,,,,,,,,,,,,,,,,,,x,,,,,,,
,,1 SET,8/22/2019,"T306840,",0,1,x,,,x,,,x,,,x,,x,,,x,,,,,,,,,,,,,,,,,,,,,,,,,,x,,,,,,,
,,,,,,,,,,,,,,,,,,,,,,,,,,,,,,,,,,,,,,,,,,,,,,,,,,,,,,
,TOTAL STATION   Model: ZTS 320R,1 SET,8/19/2015,Z17976,1,1,x,,,x,,,x,,,x,,x,,,,,x,,,,,,,,,,,,,,,,,,,,,,,,,x,,,,,,
,,1 SET,8/19/2015,Z17621,1,1,x,,,x,,,x,,,x,,x,,,,,x,,,,,,,,,,,,,,,,,,,,,,,,,x,,,,,,
,,1 SET,8/19/2015,Z17994,1,1,x,,,x,,,x,,,x,,x,,,,,x,,,,,,,,,,,,,,,,,,,,,,,,,x,,,,,,
,,1 SET,8/19/2015,Z16702,1,1,x,,,x,,,x,,,x,,x,,,,,x,,,,,,,,,,,,,,,,,,,,,,,,,x,,,,,,
,,1 SET,8/19/2015,Z18017,1,1,x,,,x,,,x,,,x,,x,,,,,x,,,,,,,,,,,,,,,,,,,,,,,,,x,,,,,,
,,1 SET,8/19/2015,Z17627,1,1,x,,,x,,,x,,,x,,x,,,,,x,,,,,,,,,,,,,,,,,,,,,,,,,x,,,,,,
,,1 SET,8/19/2015,Z17722,1,1,x,,,x,,,x,,,x,,x,,,,,x,,,,,,,,,,,,,,,,,,,,,,,,,x,,,,,,
,,1 SET,8/19/2015,Z17848,1,1,x,,,x,,,x,,,x,,x,,,,,x,,,,,,,,,,,,,,,,,,,,,,,,,x,,,,,,
,PRISM,8,,,0,,x,,,x,,,x,,,x,,x,,,,,,,,,,,,,,,,,,,,,,,,,,,,,,,,,,,,
,Automatic Engineer's Level ,1 SET,8/19/2015,W1702520,0,1,x,,,x,,,x,,,x,,x,,,,,,x,,,,,,,,,,,,,,,,,,,,,,,,,x,,,,,
,,1 SET,8/19/2015,W1702261,0,1,x,,,x,,,x,,,x,,x,,,,,,x,,,,,,,,,,,,,,,,,,,,,,,,,x,,,,,
,,1 SET,8/19/2015,W1702574,0,1,x,,,x,,,x,,,x,,x,,,,,,x,,,,,,,,,,,,,,,,,,,,,,,,,x,,,,,
,,1 SET,8/19/2015,W1702523,0,1,x,,,x,,,x,,,x,,x,,,,,,x,,,,,,,,,,,,,,,,,,,,,,,,,x,,,,,
,,1 SET,8/19/2015,W1702524,0,1,x,,,x,,,x,,,x,,x,,,,,,x,,,,,,,,,,,,,,,,,,,,,,,,,x,,,,,
,,1 SET,8/19/2015,W1702525,0,1,x,,,x,,,x,,,x,,x,,,,,,x,,,,,,,,,,,,,,,,,,,,,,,,,x,,,,,
,,1 SET,8/19/2015,,0,1,x,,,x,,,x,,,x,,x,,,,,,x,,,,,,,,,,,,,,,,,,,,,,,,,x,,,,,
,,1 SET,8/19/2015,,0,1,x,,,x,,,x,,,x,,x,,,,,,x,,,,,,,,,,,,,,,,,,,,,,,,,x,,,,,
,,,,,,,,,,,,,,,,,,,,,,,,,,,,,,,,,,,,,,,,,,,,,,,,,,,,,,
,,,,,,,,,,,,,,,,,,,,,,,,,,,,,,,,,,,,,,,,,,,,,,,,,,,,,,
,Handheld Global Positioning   System Set  ,1,8/19/2015,3BPO58891,0,1,x,,,x,,,x,,,x,,x,,,,,,,,x,,,,,,,,,,,,,,,,,,,,,,,,,,x,,
,,1,8/19/2015,3BPO58880,0,1,x,,,x,,,x,,,x,,x,,,,,,,,x,,,,,,,,,,,,,,,,,,,,,,,,,,x,,
,,1,8/19/2015,3BPO58659,0,1,x,,,x,,,x,,,x,,x,,,,,,,,x,,,,,,,,,,,,,,,,,,,,,,,,,,x,,
,,1,8/19/2015,3BPO58882,0,1,x,,,x,,,x,,,x,,x,,,,,,,,x,,,,,,,,,,,,,,,,,,,,,,,,,,x,,
,,1,8/19/2015,3BPO58657,0,1,x,,,x,,,x,,,x,,x,,,,,,,,x,,,,,,,,,,,,,,,,,,,,,,,,,,x,,
,,1,8/19/2015,3BPO58887,0,1,x,,,x,,,x,,,x,,x,,,,,,,,x,,,,,,,,,,,,,,,,,,,,,,,,,,x,,
,,1,8/19/2015,3BPO58658,0,1,x,,,x,,,x,,,x,,x,,,,,,,,x,,,,,,,,,,,,,,,,,,,,,,,,,,x,,
,,1,8/19/2015,3BPO58881,0,1,x,,,x,,,x,,,x,,x,,,,,,,,x,,,,,,,,,,,,,,,,,,,,,,,,,,x,,
,,1,8/19/2015,3BPO58,0,1,x,,,x,,,x,,,x,,x,,,,,,,,x,,,,,,,,,,,,,,,,,,,,,,,,,,x,,
,,1,8/19/2015,3BPO58,0,1,x,,,x,,,x,,,x,,x,,,,,,,,x,,,,,,,,,,,,,,,,,,,,,,,,,,x,,
,,1,8/19/2015,3BPO58646,0,1,x,,,x,,,x,,,x,,x,,,,,,,,x,,,,,,,,,,,,,,,,,,,,,,,,,,,,
,,,,,,,,,,,,,,,,,,,,,,,,,,,,,,,,,,,,,,,,,,,,,,,,,,,,,,
,Liquid Limit Device,1 SET,8/19/2015,S170/AD/0170,0,0,x,,,x,,,x,,,x,,x,,x,,,,,,,,,,,,,,,,,,,,,,,,,,,,,,,,,,
,,1 SET,8/19/2015,S170/AD/0185,0,0,x,,,x,,,x,,,x,,x,,x,,,,,,,,,,,,,,,,,,,,,,,,,,,,,,,,,,
,,1 SET,8/19/2015,S170/AD/0200,0,0,x,,,x,,,x,,,x,,x,,x,,,,,,,,,,,,,,,,,,,,,,,,,,,,,,,,,,
,,1 SET,8/19/2015,S170/AD/0150,0,0,x,,,x,,,x,,,x,,x,,x,,,,,,,,,,,,,,,,,,,,,,,,,,,,,,,,,,
,,1 SET,8/19/2015,"S170/AD/0617,",0,0,x,,,x,,,x,,,x,,x,,x,,,,,,,,,,,,,,,,,,,,,,,,,,,,,,,,,,
,,1 SET,8/19/2015," S170/AD/0119, ",0,0,x,,,x,,,x,,,x,,x,,x,,,,,,,,,,,,,,,,,,,,,,,,,,,,,,,,,,
,,,,,,,,,,,,,,,,,,,,,,,,,,,,,,,,,,,,,,,,,,,,,,,,,,,,,,
,Flat bars (Bearing) Brand: ENERPAK,1 set,8/19/2015,15-1 06 05 140-040,,1,x,,,x,,,x,,,x,,x,,,,,,,,x,,,,,,,,,,,,,,,,,,,,,,,,,x,,,
,        Datum Bar-2,,,,,,,,,,,,,,,,,,,,,,,,,,,,,,,,,,,,,,,,,,,,,,,,,,,,,
,        holding rod-8,,,,,,,,,,,,,,,,,,,,,,,,,,,,,,,,,,,,,,,,,,,,,,,,,,,,,
,        dial guage-8,,,,,,,,,,,,,,,,,,,,,,,,,,,,,,,,,,,,,,,,,,,,,,,,,,,,,
,       loading plates -2 sets,,,,,,,,,,,,,,,,,,,,,,,,,,,,,,,,,,,,,,,,,,,,,,,,,,,,,
,Flat bars (Bearing) Brand: ENERPAK,1 sets,8/19/2015,15-1 06 05 140-040-1,,1,x,,,x,,,x,,,x,,x,,,,,,,,x,,,,,,,,,,,,,,,,,,,,,,,,,x,,,
,        Datum Bar-2,,,,,,,,,,,,,,,,,,,,,,,,,,,,,,,,,,,,,,,,,,,,,,,,,,,,,
,        holding rod-8,,,,,,,,,,,,,,,,,,,,,,,,,,,,,,,,,,,,,,,,,,,,,,,,,,,,,
,        dial guage-8,,,,,,,,,,,,,,,,,,,,,,,,,,,,,,,,,,,,,,,,,,,,,,,,,,,,,
,       loading plates -2 sets,,,,,,,,,,,,,,,,,,,,,,,,,,,,,,,,,,,,,,,,,,,,,,,,,,,,,
,"Slump Cone Apparatus, Brand: ELE",1 set,8/19/2015,15-1 06 05 140-054,0,0,x,,,x,,,x,,,x,,x,,,,,,,,,x,,,,,,,,,,,,,,,,,,,,,,,,,,,
,"Sample Container,plastic,snap-on lid, 1liter Brand: ELE",10,8/19/2015,15-1 06 05 140-002 to 9,0,0,x,,,x,,,x,,,x,,x,,,,,,,,,x,,,,,,,,,,,,,,,,,,,,,,,,,,,
,Drying Pan (large): Moisture Content Tin,20,8/19/2015,15-1 06 05 140-003 to 19,0,0,x,,,x,,,x,,,x,,x,,,,,,,,,x,,,,,,,,,,,,,,,,,,,,,,,,,,,
,"Trimming knife,130mm long Brand:DRAPE",2,8/19/2015,15-1 06 05 140-005 to 1,0,0,x,,,x,,,x,,,x,,x,,,,,,,,,x,,,,,,,,,,,,,,,,,,,,,,,,,,,
,"Metal Tray,Sample Tray, heavy duty, galvanized steel, nesting 306 x 306 x 38mm, Brand: ELE",10,8/19/2015,15-1 06 05 140-007 to 9,0,0,x,,,x,,,x,,,x,,x,,,,,,,,,x,,,,,,,,,,,,,,,,,,,,,,,,,,,
,"Mixing Pan Sample Tray, stainless steel, spinning, without seams, 305mm diameter x 50mm, Brand: ELE",3,8/19/2015,15-1 06 05 140-008 to 10,0,0,x,,,x,,,x,,,x,,x,,,,,,,,,x,,,,,,,,,,,,,,,,,,,,,,,,,,,
,"Mortar and Pestle (durable), porcelain Brand: Milton Brook",2,8/19/2015,15-1 06 05 140-010 to 1,0,0,x,,,x,,,x,,,x,,x,,,,,,,,,x,,,,,,,,,,,,,,,,,,,,,,,,,,,
,"Sample Container, for soil, Tinned steel",2,8/19/2015,15-1 06 05 140-015 to 1,0,0,x,,,x,,,x,,,x,,x,,,,,,,,,x,,,,,,,,,,,,,,,,,,,,,,,,,,,
,"Scoop , Brand: ELE",5,8/19/2015,15-1 06 05 140-016 to 4,0,0,x,,,x,,,x,,,x,,x,,,,,,,,,x,,,,,,,,,,,,,,,,,,,,,,,,,,,
,Wash bottle,5,,,,,x,,,x,,,x,,,x,,x,,,,,,,,,x,,,,,,,,,,,,,,,,,,,,,,,,,,,
,"Shovel 1.5kg cap., Brand: Rutland",4,8/19/2015,15-1 06 05 140-017 to 3,0,0,x,,,x,,,x,,,x,,x,,,,,,,,,x,,,,,,,,,,,,,,,,,,,,,,,,,,,
,"Tape (fiber glass, 100m)",8,8/19/2015,15-1 06 05 140-009 to 7,0,1,x,,,x,,,x,,,x,,x,,,,,,,,,,x,,,,,,,,,,,,,,,,,,,,,,,,x,,
,"Range Pole, (3m,aluminum)",20,8/19/2015,15-1 06 05 140-020 to 19,,0,x,,,x,,,x,,,x,,x,,,,,,,,,,x,,,,,,,,,,,,,,,,,,,,,,,,,,
,Plumb Bob,10,,,,,x,,,x,,,x,,,x,,x,,,,,,,,,,x,,,,,,,,,,,,,,,,,,,,,,,,,,
,TRIPOD,,,,0,,,,,,,,,,,,,,,,,,,,,,,,,,,,,,,,,,,,,,,,,,,,,,,,,
,         SMALL,12,,,0,0,x,,,x,,,x,,,x,,x,,,,,,,,,,x,,,,,,,,,,,,,,,,,,,,,,,,,,
,         BIG ( 17 OLD+4 NEW),21,,,0,0,x,,,x,,,x,,,x,,x,,,,,,,,,,x,,,,,,,,,,,,,,,,,,,,,,,,,,
,LEVELING ROD( STADIA ROD),25,,,,1,x,,,x,,,x,,,x,,x,,,,,,,,,,x,,,,,,,,,,,,,,,,,,,,,,,,,x,
,Marking Pins/Chaining Pins,112,,,0,0,x,,,x,,,x,,,x,,x,,,,,,,,,,,x,,,,,,,,,,,,,,,,,,,,,,,,,
,,,,,,,,,,,,,,,,,,,,,,,,,,,,,,,,,,,,,,,,,,,,,,,,,,,,,,
,,,,,,,,,,,,,,,,,,,,,,,,,,,,,,,,,,,,,,,,,,,,,,,,,,,,,,
,B)  Moderately Used,,,,0,,,,,,,,,,,,,,,,,,,,,,,,,,,,,,,,,,,,,,,,,,,,,,,,,
,Sand Cone Apparatus / Rubber Balloon Set Brand: ELE,1,8/19/2015,15-1 06 05 140-050,1,0,x,,,x,,,x,,,x,,x,,,,,,,,,,,x,,,,,,,,,,,,,,,,,,,,,,,,,
,"Compaction Mold for Concrete, Standard, steel (6”x12”),  Brand: ELE",5,8/19/2015,15-1 06 05 140-031 to4,0,0,x,,,x,,,x,,,x,,x,,,,,,,,,,,x,,,,,,,,,,,,, ,,,,,,,,,,,,
,"Cylindrical Mold 150mm diameter x 300mm long, complete with base plate and locking ring. ",6,8/19/2015,15-1 06 05 140-034 to5,,0,x,,,x,,,x,,,x,,x,,,,,,,,,,,x,,,,,,,,,,,,,,,,,,,,,,,,,
,Surveyor's compass ,7,8/19/2015,15-1 06 05 140-018 to 4,,1,x,,,x,,,x,,,x,,x,,,,,,,,,,,x,,,,,,,,,,,,,,,,,,,,,x,,,,
,"Beam molds, 6”x6”x21”, Brand: ELE",6,8/19/2015,15-1 06 05 140-028 to5,0,0,x,,,x,,,x,,,x,,x,,,,,,,,,,,x,,,,,,,,,,,,,,,,,,,,,,,,,
,,,,,,,,,,,,,,,,,,,,,,,,,,,,,,,,,,,,,,,,,,,,,,,,,,,,,,
,,,,,,,,,,,,,,,,,,,,,,,,,,,,,,,,,,,,,,,,,,,,,,,,,,,,,,
,,,,,,,,,,,,,,,,,,,,,,,,,,,,,,,,,,,,,,,,,,,,,,,,,,,,,,
,C) Rarely Used ,,,,,,,,,,,,,,,,,,,,,,,,,,,,,,,,,,,,,,,,,,,,,,,,,,,,,
,ENGINEERS TRANSIT (Conventional),1,11/15/2013,14-233-004,0,1,x,,,x,,,x,,,x,,x,,,,,,,,,,,,x,,,,,,,,,,,,,,,,,,,,,,,x,
,"4” CBR Determination with Molds and     Capping Apparatus,  (brand: ELE)",1 set,8/19/2015,15-1 06 05 140-030,0,0,x,,,x,,,x,,,x,,x,,x,,,,,,,,,,,,,,,,,,,,,,,,,,,,,,,,,,
,Soil Permeability (Constant & Falling    Head Combined),1 set,8/19/2015,15-1 06 05 140-032,0,0,x,,,x,,,x,,,x,,x,,,x,,,,,,,,,,,,,,,,,,,,,,,,,,,,,,,,,
,One -dimensional Consolidation   Test Apparatus,1 set,8/19/2015,15-1 06 05 140-033,1,1,x,,,x,,,x,,,x,,x,,,x,,,,,,,,,,,,,,,,,,,,,,,,,,,,,,x,,,
,Deformation Indicator ,2,8/19/2015,15-1 06 05 140-036 to1,0,0,x,,,x,,,x,,,x,,x,,,,x,,,,,,,,,,,,,,,,,,,,,,,,,,,,,,,,
,"Dessicator, 3 kg cap. Brand: Milton Brook",2,8/19/2015,15-1 06 05 140-037 to1,1,0,x,,,x,,,x,,,x,,x,,,,x,,,,,,,,,,,,,,,,,,,,,,,,,,,,,,,,
,"Direct Shear testing machine, standard  ",1,8/19/2015,1885-2-1605,0,1,x,,,x,,,x,,,x,,x,,,,,,,,,,,,x,,,,,,,,,,,,,,,,,,,,,,,,x
,"Evaporating Dish, shallow form with spout, porcelain 200 x 55 mm nominal diameter x heightBrand: HALDEHWANGER",3,8/19/2015,15-1 06 05 140-039 to2,1,0,x,,,x,,,x,,,x,,x,,,,,x,,,,,,,,,,,,,,,,,,,,,,,,,,,,,,,
,"Gillmore or Vicat apparatus Weight 200g. Brand: ELE,  Model Number: 80",3 set,8/19/2015,15-1 06 05 140-041 to2,1,1,x,,,x,,,x,,,x,,x,,,,,x,,,,,,,,,,,,,,,,,,,,,,,,,,x,,,,,
,"Moisture content determination Apparatus Brand: ELE,  Model: CL201",1,8/19/2015,15-1 06 05 140-045,1,1,x,,,x,,,x,,,x,,x,,,,,,,,,,x,,,,,,,,,,,,,,,,,,,,,,,,,x,
,Penetration apparatus w/ Piston and Needles : Brand: ELE,1,8/19/2015,15-1 06 05 140-047,1,1,x,,,x,,,x,,,x,,x,,,,,,x,,,,,,,,,,,,,,,,,,,,,,,,,,x,,,,
,Penetrometer for Asphalt (brand ELE),1,8/19/2015,15-1 06 05 140-048,0,1,x,,,x,,,x,,,x,,x,,,,,,x,,,,,,,,,,,,,,,,,,,,,,,,,,x,,,,
,"Shrinkage Limit Apparatus  'Brand: ELE,   Model# S370-02",1,8/19/2015,15-1 06 05 140-053,0,0,x,,,x,,,x,,,x,,x,,,,,x,,,,,,,,,,,,,,,,,,,,,,,,,,,,,,,
,"Soil Auger, 'Brand: ELE",3,8/19/2015,15-1 06 05 140-055 to2,,0,x,,,x,,,x,,,x,,x,,,,,x,,,,,,,,,,,,,,,,,,,,,,,,,,,,,,,
,"Soil Hydrometer , Brand: ELE ( 151 H or 152 H ",3,8/19/2015,15-1 06 05 140-056 to2,0,1,x,,,x,,,x,,,x,,x,,,x,,,,,,,,,,,,,,,,,,,,,,,,,,,x,,,,,,
,Soil Lathe -   Brand: ELE,1,8/19/2015,15-1 06 05 140-057,0,0,x,,,x,,,x,,,x,,x,,,,,,,,,,x,,,,,,,,,,,,,,,,,,,,,,,,,,
,Soil Extractor/Ejector for tube sample,2,8/19/2015,15-1 06 05 140-058,0,0,x,,,x,,,x,,,x,,x,,,,,,,,,,,x,,,,,,,,,,,,,,,,,,,,,,,,,
,Soil Extractor/Ejector for tube sample small,1,,,,,x,,,x,,,x,,,x,,x,,,,,,,,,,,x,,,,,,,,,,,,,,,,,,,,,,,,,
,Unconfined Compression Machine (ASTM D   2166 or equivalent ),1,8/19/2015,Serial nos: S221/AC/0013,1,1,x,,,x,,,x,,,x,,x,,,,,,,,,,,,,,,,,,,,,,,,,,,,,,,,,x,,,
,"Engineer’s Transit  'Brand: LOTUS, ' Model: TVT20E",4,8/19/2015,"10906, 10907, 1098, 1009",1,1,x,,,x,,,x,,,x,,x,,,,,,,,,,,,,,,,,,,,,,,,,,,,,x,,,,,,,
,Large Current Flow Meter Wading Set  Brand: VALEPORT,4,8/19/2015,"48540, 48538,48539, 48541, 48542 ",1,1,x,,,x,,,x,,,x,,x,,,,,,,,,,,,,,,,,,,,,,,,,,,,,,,,,,,,x
,Micrometer Sextant Brand: TAMAYA MARINET,4,8/19/2015,"14006, 14005, 140045, 14003",1,1,x,,,x,,,x,,,x,,x,,,,,,,,,,,,,,,,,,,,,,,,,,,,,,,,,,,,x
,Pycnometer (volumetric flask) cap. 50ml ,5,8/19/2015,15-1 06 05 140-012 to 4,0,1,x,,,x,,,x,,,x,,x,,,,,,,,,,,,,,,,,,,,,,,,,,,,,,,x,,,,,
,"Rubber Mallet,Soft Headed mallet. Weight",8,8/19/2015,15-1 06 05 140-014 to 7,0,0,x,,,x,,,x,,,x,,x,,,,,,,,,,,,,,,,,,,,,,,,,,,,,,,,,,,,
,"Depth Measuring Apparatus/25m long calibrated in meter,nylon rope, 6mm dia with anchor or weight, Model: DG30NI",10,8/19/2015,15-1 06 05 140-019 to 9,,1,x,,,x,,,x,,,x,,x,,,,,,,,,,,,,,,,,,,,,,,,,,,,,,,,,,x,,
,Electronics Digital Theodolite 56-DGT2,1,8/19/2015,13-233-002,0,1,x,,,x,,,x,,,x,,x,,,,,,,,,,,,,,,,,,,,,,,,,,,,,,,,,,,,x
,Spirit LEVEL (bubble level),8,,,,1,x,,,x,,,x,,,x,,x,,,,,,,,,,,,,,,,,,,,,,,,,,,,,,,,x,,,,
,,,,,,,,,,,,,,,,,,,,,,,,,,,,,,,,,,,,,,,,,,,,,,,,,,,,,,
,D) Newly Acquired,,,,,,,,,,,,,,,,,,,,,,,,,,,,,,,,,,,,,,,,,,,,,,,,,,,,,
,,,,,,,,,,,,,,,,,,,,,,,,,,,,,,,,,,,,,,,,,,,,,,,,,,,,,,
,,,,,,,,,,,,,,,,,,,,,,,,,,,,,,,,,,,,,,,,,,,,,,,,,,,,,,
,,,,,,,,,,,,,,,,,,,,,,,,,,,,,,,,,,,,,,,,,,,,,,,,,,,,,,
,E. Fix and Furniture,,,,,,,,,,,,,,,,,,,,,,,,,,,,,,,,,,,,,,,,,,,,,,,,,,,,,
,"Tables , Stainless Steel (size: 250cm x 60cm)",3,8/19/2015,15-1 06 07 010-056 to4,0,0,x,,,x,,,x,,,x,,x,,,,,,,,,,,,,,,,,,,,,,,,,,,,,,,,,,,,
,"Display Shelves, Glass cabinet,",3,8/19/2015,15-1 06 07 010-057 to2,0,0,x,,,x,,,x,,,x,,x,,,,,,,,,,,,,,,,,,,,,,,,,,,,,,,,,,,,
,"Chairs,Polypropylene seat and back, sled metal tube 5/8"", with rubber floor guide, seat size 18 1/2""W x 18 1/2"" D",25,8/19/2015,15-1 06 07 010-011 to 24,0,0,x,,,x,,,x,,,x,,x,,,,,,,,,,,,,,,,,,,,,,,,,,,,,,,,,,,,
,,,,,,,,,,,,,,,,,,,,,,,,,,,,,,,,,,,,,,,,,,,,,,,,,,,,,,
,,,,,,,,,,,,,,,,,,,,,,,,,,,,,,,,,,,,,,,,,,,,,,,,,,,,,,
,Consumable,,,,,,,,,,,,,,,,,,,,,,,,,,,,,,,,,,,,,,,,,,,,,,,,,,,,,
,"Remoulding Apparatus/Matls(plaster of paris, grease,etc)",1,8/19/2015,15-1 06 05 140-012 to 4,0,0,x,,,x,,,x,,,x,,x,,,,,,,,,,,,,,,,,,,,,,,,,,,,,,,,,,,,
,,,,,,,,,,,,,,,,,,,,,,,,,,,,,,,,,,,,,,,,,,,,,,,,,,,,,,
,,,,,,,,,,,,,,,,,,,,,,,,,,,,,,,,,,,,,,,,,,,,,,,,,,,,,,
,,,,,,,,,,,,,,,,,,,,,,,,,,,,,,,,,,,,,,,,,,,,,,,,,,,,,,
,,,,,,,,,,,,,,,,,,,,,,,,,,,,,,,,,,,,,,,,,,,,,,,,,,,,,,
,Prepared by:,,,Noted by: ,,,,,,,,,,,,Approved by: ,,,,,,,,,,,,,,,,,,,,,,,,,,,,,,,,,,,,,,
,,,,,,,,,,,,,,,,,,,,,,,,,,,,,,,,,,,,,,,,,,,,,,,,,,,,,,
,,,,,,,,,,,,,,,,,,,,,,,,,,,,,,,,,,,,,,,,,,,,,,,,,,,,,,
,MALOU DAG-UM,,,TITA BALBIN-ALBAY,,,,JESTONI ROSAL,,,HOLDEN CULTURA,,,,,DR. GINA C. LACANG,,,,,,,,,,,,,,,,,,,,,,,,,,,,,,,,,,,,,,
,"Leader, CEA Laboratory Technician Team",,,"Head, Lab Technician Unit",,,,"Head, Callibration Unit",,,"Head, Repair & Maintenance Unit",,,,,"Director, LMO",,,,,,,,,,,,,,,,,,,,,,,,,,,,,,,,,,,,,,
,,,,,,,,,,,,,,,,,,,,,,,,,,,,,,,,,,,,,,,,,,,,,,,,,,,,,,
,,,,,,,,,,,,,,,,,,,,,,,,,,,,,,,,,,,,,,,,,,,,,,,,,,,,,,
,,,,,,,,,,,,,,,,,,,,,,,,,,,,,,,,,,,,,,,,,,,,,,,,,,,,,,
,,,,,,,,,,,,,,,,,,, ,,,,,,,,,,,,,,,,,,,,,,,,,,,,,,,,,,,
